id;question;correct;created_at;updated_at
1;Yen Beauty feed;transmitting Rand global;2022-01-28;2022-01-29
2;Security Account override;Metal protocol Vatu;2022-01-28;2022-01-28
3;Account Product;Tools;2022-01-29;2022-01-28
4;Tools Cayman;Estonia utilize;2022-01-29;2022-01-29
5;Fish programming Shoes;International;2022-01-29;2022-01-29
6;composite payment;administration;2022-01-28;2022-01-28
7;EXE Wall connecting;superstructure Practical override;2022-01-28;2022-01-28
8;plum South;productivity 1080p Handmade;2022-01-28;2022-01-28
9;Borders Cheese;Cheese azure Sausages;2022-01-29;2022-01-28
10;deposit Moldovan 3rd;Accountability;2022-01-28;2022-01-28
